{
    "assetCategories": {
        "3D asset": {
            "interior": {
                "decoration": {
                    "picture frame": {}
                }
            }
        }
    },
    "averageColor": "#5D4B2C",
    "brushes": [],
    "categories": [
        "3d",
        "wood",
        "decorative"
    ],
    "comp_version": 1,
    "displacement_bias_tier1": 0.308195,
    "displacement_scale_tier1": 0.254911,
    "environment": {
        "biome": "urban",
        "region": "Asia"
    },
    "highest_available_res": 4096,
    "id": "uijufcgiw",
    "is_uefn_compatible": true,
    "json": {
        "contentLength": 21906,
        "uri": "uijufcgiw.json"
    },
    "maps": [
        {
            "averageColor": "#F7F7F7",
            "bitDepth": 32,
            "colorSpace": "sRGB",
            "contentLength": 30386377,
            "maxIntensity": 255,
            "mimeType": "image/x-exr",
            "minIntensity": 153,
            "name": "Ao",
            "physicalSize": "1x1",
            "resolution": "4096x4096",
            "tier": 0,
            "type": "ao",
            "uri": "tier_0/uijufcgiw_4K_AO.exr"
        },
        {
            "averageColor": "#F7F7F7",
            "bitDepth": 8,
            "colorSpace": "sRGB",
            "contentLength": 1733984,
            "maxIntensity": 255,
            "mimeType": "image/jpeg",
            "minIntensity": 153,
            "name": "Ao",
            "physicalSize": "1x1",
            "resolution": "4096x4096",
            "tier": 0,
            "type": "ao",
            "uri": "tier_0/uijufcgiw_4K_AO.jpg"
        },
        {
            "averageColor": "#5D4B2C",
            "bitDepth": 16,
            "colorSpace": "sRGB",
            "contentLength": 42257311,
            "maxIntensity": 101,
            "mimeType": "image/x-exr",
            "minIntensity": 53,
            "name": "Basecolor",
            "physicalSize": "1x1",
            "resolution": "4096x4096",
            "tier": 0,
            "type": "basecolor",
            "uri": "tier_0/uijufcgiw_4K_Basecolor.exr"
        },
        {
            "averageColor": "#5D4B2C",
            "bitDepth": 8,
            "colorSpace": "sRGB",
            "contentLength": 4457486,
            "maxIntensity": 101,
            "mimeType": "image/jpeg",
            "minIntensity": 53,
            "name": "Basecolor",
            "physicalSize": "1x1",
            "resolution": "4096x4096",
            "tier": 0,
            "type": "basecolor",
            "uri": "tier_0/uijufcgiw_4K_Basecolor.jpg"
        },
        {
            "averageColor": "#F5F5F5",
            "bitDepth": 32,
            "colorSpace": "sRGB",
            "contentLength": 46720415,
            "maxIntensity": 255,
            "mimeType": "image/x-exr",
            "minIntensity": 221,
            "name": "Cavity",
            "physicalSize": "1x1",
            "resolution": "4096x4096",
            "tier": 0,
            "type": "cavity",
            "uri": "tier_0/uijufcgiw_4K_Cavity.exr"
        },
        {
            "averageColor": "#F5F5F5",
            "bitDepth": 8,
            "colorSpace": "sRGB",
            "contentLength": 5667052,
            "maxIntensity": 255,
            "mimeType": "image/jpeg",
            "minIntensity": 221,
            "name": "Cavity",
            "physicalSize": "1x1",
            "resolution": "4096x4096",
            "tier": 0,
            "type": "cavity",
            "uri": "tier_0/uijufcgiw_4K_Cavity.jpg"
        },
        {
            "averageColor": "#383838",
            "bitDepth": 32,
            "colorSpace": "Linear",
            "contentLength": 47338424,
            "maxIntensity": 73,
            "mimeType": "image/x-exr",
            "minIntensity": 39,
            "name": "Gloss",
            "physicalSize": "1x1",
            "resolution": "4096x4096",
            "tier": 0,
            "type": "gloss",
            "uri": "tier_0/uijufcgiw_4K_Gloss.exr"
        },
        {
            "averageColor": "#383838",
            "bitDepth": 8,
            "colorSpace": "Linear",
            "contentLength": 3632000,
            "maxIntensity": 73,
            "mimeType": "image/jpeg",
            "minIntensity": 39,
            "name": "Gloss",
            "physicalSize": "1x1",
            "resolution": "4096x4096",
            "tier": 0,
            "type": "gloss",
            "uri": "tier_0/uijufcgiw_4K_Gloss.jpg"
        },
        {
            "bitDepth": 16,
            "colorspace": "linear",
            "contentLength": 27718334,
            "mimeType": "image/x-exr",
            "name": "Normal",
            "resolution": "4096x4096",
            "tier": 0,
            "type": "normal",
            "uri": "tier_0/uijufcgiw_4K_Normal.exr"
        },
        {
            "bitDepth": 8,
            "colorspace": "linear",
            "contentLength": 7169270,
            "mimeType": "image/jpeg",
            "name": "Normal",
            "resolution": "4096x4096",
            "tier": 0,
            "type": "normal",
            "uri": "tier_0/uijufcgiw_4K_Normal.jpg"
        },
        {
            "averageColor": "#CACACA",
            "bitDepth": 32,
            "colorSpace": "Linear",
            "contentLength": 46107207,
            "maxIntensity": 217,
            "mimeType": "image/x-exr",
            "minIntensity": 184,
            "name": "Roughness",
            "physicalSize": "1x1",
            "resolution": "4096x4096",
            "tier": 0,
            "type": "roughness",
            "uri": "tier_0/uijufcgiw_4K_Roughness.exr"
        },
        {
            "averageColor": "#CACACA",
            "bitDepth": 8,
            "colorSpace": "Linear",
            "contentLength": 3471150,
            "maxIntensity": 217,
            "mimeType": "image/jpeg",
            "minIntensity": 184,
            "name": "Roughness",
            "physicalSize": "1x1",
            "resolution": "4096x4096",
            "tier": 0,
            "type": "roughness",
            "uri": "tier_0/uijufcgiw_4K_Roughness.jpg"
        },
        {
            "averageColor": "#333333",
            "bitDepth": 16,
            "colorSpace": "sRGB",
            "contentLength": 33941707,
            "maxIntensity": 55,
            "mimeType": "image/x-exr",
            "minIntensity": 43,
            "name": "Specular",
            "physicalSize": "1x1",
            "resolution": "4096x4096",
            "tier": 0,
            "type": "specular",
            "uri": "tier_0/uijufcgiw_4K_Specular.exr"
        },
        {
            "averageColor": "#333333",
            "bitDepth": 8,
            "colorSpace": "sRGB",
            "contentLength": 3176133,
            "maxIntensity": 55,
            "mimeType": "image/jpeg",
            "minIntensity": 43,
            "name": "Specular",
            "physicalSize": "1x1",
            "resolution": "4096x4096",
            "tier": 0,
            "type": "specular",
            "uri": "tier_0/uijufcgiw_4K_Specular.jpg"
        },
        {
            "averageColor": "#F7F7F7",
            "bitDepth": 32,
            "colorSpace": "sRGB",
            "contentLength": 30386377,
            "maxIntensity": 255,
            "mimeType": "image/x-exr",
            "minIntensity": 153,
            "name": "Ao",
            "physicalSize": "1x1",
            "resolution": "4096x4096",
            "tier": 1,
            "type": "ao",
            "uri": "tier_1/uijufcgiw_4K_AO.exr"
        },
        {
            "averageColor": "#F7F7F7",
            "bitDepth": 8,
            "colorSpace": "sRGB",
            "contentLength": 1733984,
            "maxIntensity": 255,
            "mimeType": "image/jpeg",
            "minIntensity": 153,
            "name": "Ao",
            "physicalSize": "1x1",
            "resolution": "4096x4096",
            "tier": 1,
            "type": "ao",
            "uri": "tier_1/uijufcgiw_4K_AO.jpg"
        },
        {
            "averageColor": "#5D4B2C",
            "bitDepth": 16,
            "colorSpace": "sRGB",
            "contentLength": 42257311,
            "maxIntensity": 101,
            "mimeType": "image/x-exr",
            "minIntensity": 53,
            "name": "Basecolor",
            "physicalSize": "1x1",
            "resolution": "4096x4096",
            "tier": 1,
            "type": "basecolor",
            "uri": "tier_1/uijufcgiw_4K_Basecolor.exr"
        },
        {
            "averageColor": "#5D4B2C",
            "bitDepth": 8,
            "colorSpace": "sRGB",
            "contentLength": 4457486,
            "maxIntensity": 101,
            "mimeType": "image/jpeg",
            "minIntensity": 53,
            "name": "Basecolor",
            "physicalSize": "1x1",
            "resolution": "4096x4096",
            "tier": 1,
            "type": "basecolor",
            "uri": "tier_1/uijufcgiw_4K_Basecolor.jpg"
        },
        {
            "averageColor": "#F5F5F5",
            "bitDepth": 32,
            "colorSpace": "sRGB",
            "contentLength": 46720415,
            "maxIntensity": 255,
            "mimeType": "image/x-exr",
            "minIntensity": 221,
            "name": "Cavity",
            "physicalSize": "1x1",
            "resolution": "4096x4096",
            "tier": 1,
            "type": "cavity",
            "uri": "tier_1/uijufcgiw_4K_Cavity.exr"
        },
        {
            "averageColor": "#F5F5F5",
            "bitDepth": 8,
            "colorSpace": "sRGB",
            "contentLength": 5667052,
            "maxIntensity": 255,
            "mimeType": "image/jpeg",
            "minIntensity": 221,
            "name": "Cavity",
            "physicalSize": "1x1",
            "resolution": "4096x4096",
            "tier": 1,
            "type": "cavity",
            "uri": "tier_1/uijufcgiw_4K_Cavity.jpg"
        },
        {
            "averageColor": "#828282",
            "bitDepth": 32,
            "colorSpace": "Linear",
            "contentLength": 65608135,
            "maxIntensity": 133,
            "mimeType": "image/x-exr",
            "minIntensity": 129,
            "name": "Displacement",
            "physicalSize": "1x1",
            "resolution": "4096x4096",
            "tier": 1,
            "type": "displacement",
            "uri": "tier_1/uijufcgiw_4K_Displacement.exr"
        },
        {
            "averageColor": "#828282",
            "bitDepth": 8,
            "colorSpace": "Linear",
            "contentLength": 1251032,
            "maxIntensity": 133,
            "mimeType": "image/jpeg",
            "minIntensity": 129,
            "name": "Displacement",
            "physicalSize": "1x1",
            "resolution": "4096x4096",
            "tier": 1,
            "type": "displacement",
            "uri": "tier_1/uijufcgiw_4K_Displacement.jpg"
        },
        {
            "averageColor": "#383838",
            "bitDepth": 32,
            "colorSpace": "Linear",
            "contentLength": 47338424,
            "maxIntensity": 73,
            "mimeType": "image/x-exr",
            "minIntensity": 39,
            "name": "Gloss",
            "physicalSize": "1x1",
            "resolution": "4096x4096",
            "tier": 1,
            "type": "gloss",
            "uri": "tier_1/uijufcgiw_4K_Gloss.exr"
        },
        {
            "averageColor": "#383838",
            "bitDepth": 8,
            "colorSpace": "Linear",
            "contentLength": 3632000,
            "maxIntensity": 73,
            "mimeType": "image/jpeg",
            "minIntensity": 39,
            "name": "Gloss",
            "physicalSize": "1x1",
            "resolution": "4096x4096",
            "tier": 1,
            "type": "gloss",
            "uri": "tier_1/uijufcgiw_4K_Gloss.jpg"
        },
        {
            "bitDepth": 16,
            "colorspace": "linear",
            "contentLength": 31598236,
            "mimeType": "image/x-exr",
            "name": "Normal",
            "resolution": "4096x4096",
            "tier": 1,
            "type": "normal",
            "uri": "tier_1/uijufcgiw_4K_Normal.exr"
        },
        {
            "bitDepth": 8,
            "colorspace": "linear",
            "contentLength": 7529218,
            "mimeType": "image/jpeg",
            "name": "Normal",
            "resolution": "4096x4096",
            "tier": 1,
            "type": "normal",
            "uri": "tier_1/uijufcgiw_4K_Normal.jpg"
        },
        {
            "averageColor": "#CACACA",
            "bitDepth": 32,
            "colorSpace": "Linear",
            "contentLength": 46107207,
            "maxIntensity": 217,
            "mimeType": "image/x-exr",
            "minIntensity": 184,
            "name": "Roughness",
            "physicalSize": "1x1",
            "resolution": "4096x4096",
            "tier": 1,
            "type": "roughness",
            "uri": "tier_1/uijufcgiw_4K_Roughness.exr"
        },
        {
            "averageColor": "#CACACA",
            "bitDepth": 8,
            "colorSpace": "Linear",
            "contentLength": 3471150,
            "maxIntensity": 217,
            "mimeType": "image/jpeg",
            "minIntensity": 184,
            "name": "Roughness",
            "physicalSize": "1x1",
            "resolution": "4096x4096",
            "tier": 1,
            "type": "roughness",
            "uri": "tier_1/uijufcgiw_4K_Roughness.jpg"
        },
        {
            "averageColor": "#333333",
            "bitDepth": 16,
            "colorSpace": "sRGB",
            "contentLength": 33941707,
            "maxIntensity": 55,
            "mimeType": "image/x-exr",
            "minIntensity": 43,
            "name": "Specular",
            "physicalSize": "1x1",
            "resolution": "4096x4096",
            "tier": 1,
            "type": "specular",
            "uri": "tier_1/uijufcgiw_4K_Specular.exr"
        },
        {
            "averageColor": "#333333",
            "bitDepth": 8,
            "colorSpace": "sRGB",
            "contentLength": 3176133,
            "maxIntensity": 55,
            "mimeType": "image/jpeg",
            "minIntensity": 43,
            "name": "Specular",
            "physicalSize": "1x1",
            "resolution": "4096x4096",
            "tier": 1,
            "type": "specular",
            "uri": "tier_1/uijufcgiw_4K_Specular.jpg"
        },
        {
            "averageColor": "#F7F7F7",
            "bitDepth": 32,
            "colorSpace": "sRGB",
            "contentLength": 30386377,
            "maxIntensity": 255,
            "mimeType": "image/x-exr",
            "minIntensity": 153,
            "name": "Ao",
            "physicalSize": "1x1",
            "resolution": "4096x4096",
            "tier": 2,
            "type": "ao",
            "uri": "tier_2/uijufcgiw_4K_AO.exr"
        },
        {
            "averageColor": "#F7F7F7",
            "bitDepth": 8,
            "colorSpace": "sRGB",
            "contentLength": 1733984,
            "maxIntensity": 255,
            "mimeType": "image/jpeg",
            "minIntensity": 153,
            "name": "Ao",
            "physicalSize": "1x1",
            "resolution": "4096x4096",
            "tier": 2,
            "type": "ao",
            "uri": "tier_2/uijufcgiw_4K_AO.jpg"
        },
        {
            "averageColor": "#5D4B2C",
            "bitDepth": 16,
            "colorSpace": "sRGB",
            "contentLength": 42257311,
            "maxIntensity": 101,
            "mimeType": "image/x-exr",
            "minIntensity": 53,
            "name": "Basecolor",
            "physicalSize": "1x1",
            "resolution": "4096x4096",
            "tier": 2,
            "type": "basecolor",
            "uri": "tier_2/uijufcgiw_4K_Basecolor.exr"
        },
        {
            "averageColor": "#5D4B2C",
            "bitDepth": 8,
            "colorSpace": "sRGB",
            "contentLength": 4457486,
            "maxIntensity": 101,
            "mimeType": "image/jpeg",
            "minIntensity": 53,
            "name": "Basecolor",
            "physicalSize": "1x1",
            "resolution": "4096x4096",
            "tier": 2,
            "type": "basecolor",
            "uri": "tier_2/uijufcgiw_4K_Basecolor.jpg"
        },
        {
            "averageColor": "#F5F5F5",
            "bitDepth": 32,
            "colorSpace": "sRGB",
            "contentLength": 46720415,
            "maxIntensity": 255,
            "mimeType": "image/x-exr",
            "minIntensity": 221,
            "name": "Cavity",
            "physicalSize": "1x1",
            "resolution": "4096x4096",
            "tier": 2,
            "type": "cavity",
            "uri": "tier_2/uijufcgiw_4K_Cavity.exr"
        },
        {
            "averageColor": "#F5F5F5",
            "bitDepth": 8,
            "colorSpace": "sRGB",
            "contentLength": 5667052,
            "maxIntensity": 255,
            "mimeType": "image/jpeg",
            "minIntensity": 221,
            "name": "Cavity",
            "physicalSize": "1x1",
            "resolution": "4096x4096",
            "tier": 2,
            "type": "cavity",
            "uri": "tier_2/uijufcgiw_4K_Cavity.jpg"
        },
        {
            "averageColor": "#383838",
            "bitDepth": 32,
            "colorSpace": "Linear",
            "contentLength": 47338424,
            "maxIntensity": 73,
            "mimeType": "image/x-exr",
            "minIntensity": 39,
            "name": "Gloss",
            "physicalSize": "1x1",
            "resolution": "4096x4096",
            "tier": 2,
            "type": "gloss",
            "uri": "tier_2/uijufcgiw_4K_Gloss.exr"
        },
        {
            "averageColor": "#383838",
            "bitDepth": 8,
            "colorSpace": "Linear",
            "contentLength": 3632000,
            "maxIntensity": 73,
            "mimeType": "image/jpeg",
            "minIntensity": 39,
            "name": "Gloss",
            "physicalSize": "1x1",
            "resolution": "4096x4096",
            "tier": 2,
            "type": "gloss",
            "uri": "tier_2/uijufcgiw_4K_Gloss.jpg"
        },
        {
            "bitDepth": 16,
            "colorspace": "linear",
            "contentLength": 30535388,
            "mimeType": "image/x-exr",
            "name": "Normal",
            "resolution": "4096x4096",
            "tier": 2,
            "type": "normal",
            "uri": "tier_2/uijufcgiw_4K_Normal.exr"
        },
        {
            "bitDepth": 8,
            "colorspace": "linear",
            "contentLength": 6516076,
            "mimeType": "image/jpeg",
            "name": "Normal",
            "resolution": "4096x4096",
            "tier": 2,
            "type": "normal",
            "uri": "tier_2/uijufcgiw_4K_Normal.jpg"
        },
        {
            "averageColor": "#CACACA",
            "bitDepth": 32,
            "colorSpace": "Linear",
            "contentLength": 46107207,
            "maxIntensity": 217,
            "mimeType": "image/x-exr",
            "minIntensity": 184,
            "name": "Roughness",
            "physicalSize": "1x1",
            "resolution": "4096x4096",
            "tier": 2,
            "type": "roughness",
            "uri": "tier_2/uijufcgiw_4K_Roughness.exr"
        },
        {
            "averageColor": "#CACACA",
            "bitDepth": 8,
            "colorSpace": "Linear",
            "contentLength": 3471150,
            "maxIntensity": 217,
            "mimeType": "image/jpeg",
            "minIntensity": 184,
            "name": "Roughness",
            "physicalSize": "1x1",
            "resolution": "4096x4096",
            "tier": 2,
            "type": "roughness",
            "uri": "tier_2/uijufcgiw_4K_Roughness.jpg"
        },
        {
            "averageColor": "#333333",
            "bitDepth": 16,
            "colorSpace": "sRGB",
            "contentLength": 33941707,
            "maxIntensity": 55,
            "mimeType": "image/x-exr",
            "minIntensity": 43,
            "name": "Specular",
            "physicalSize": "1x1",
            "resolution": "4096x4096",
            "tier": 2,
            "type": "specular",
            "uri": "tier_2/uijufcgiw_4K_Specular.exr"
        },
        {
            "averageColor": "#333333",
            "bitDepth": 8,
            "colorSpace": "sRGB",
            "contentLength": 3176133,
            "maxIntensity": 55,
            "mimeType": "image/jpeg",
            "minIntensity": 43,
            "name": "Specular",
            "physicalSize": "1x1",
            "resolution": "4096x4096",
            "tier": 2,
            "type": "specular",
            "uri": "tier_2/uijufcgiw_4K_Specular.jpg"
        },
        {
            "averageColor": "#F7F7F7",
            "bitDepth": 8,
            "colorSpace": "sRGB",
            "contentLength": 1971126,
            "maxIntensity": 255,
            "mimeType": "image/jpeg",
            "minIntensity": 153,
            "name": "Ao",
            "physicalSize": "1x1",
            "resolution": "4096x4096",
            "tier": 3,
            "type": "ao",
            "uri": "tier_3/uijufcgiw_4K_AO.jpg"
        },
        {
            "averageColor": "#5D4B2C",
            "bitDepth": 8,
            "colorSpace": "sRGB",
            "contentLength": 3881467,
            "maxIntensity": 101,
            "mimeType": "image/jpeg",
            "minIntensity": 53,
            "name": "Basecolor",
            "physicalSize": "1x1",
            "resolution": "4096x4096",
            "tier": 3,
            "type": "basecolor",
            "uri": "tier_3/uijufcgiw_4K_Basecolor.jpg"
        },
        {
            "bitDepth": 8,
            "colorspace": "linear",
            "contentLength": 5857837,
            "mimeType": "image/jpeg",
            "name": "Normal",
            "resolution": "4096x4096",
            "tier": 3,
            "type": "normal",
            "uri": "tier_3/uijufcgiw_4K_Normal.jpg"
        },
        {
            "averageColor": "#CACACA",
            "bitDepth": 8,
            "colorSpace": "Linear",
            "contentLength": 2974481,
            "maxIntensity": 217,
            "mimeType": "image/jpeg",
            "minIntensity": 184,
            "name": "Roughness",
            "physicalSize": "1x1",
            "resolution": "4096x4096",
            "tier": 3,
            "type": "roughness",
            "uri": "tier_3/uijufcgiw_4K_Roughness.jpg"
        }
    ],
    "meta": [
        {
            "key": "assembly",
            "name": "Assembly",
            "value": "false"
        },
        {
            "key": "small3dasset",
            "name": "Small3dAsset",
            "value": "true"
        },
        {
            "key": "color",
            "name": "Color",
            "value": "Brown"
        },
        {
            "key": "points",
            "name": "Points",
            "value": 4
        },
        {
            "key": "texelDensity",
            "name": "Texel Density",
            "value": "3690 px/m"
        },
        {
            "key": "splitSubmeshes",
            "name": "Split Submeshes",
            "value": true
        },
        {
            "key": "length",
            "name": "Length",
            "value": "0.15m"
        },
        {
            "key": "width",
            "name": "Width",
            "value": "0.01m"
        },
        {
            "key": "height",
            "name": "Height",
            "value": "0.2m"
        }
    ],
    "models": [
        {
            "contentLength": 42724352,
            "mimeType": "application/x-fbx",
            "tier": 0,
            "tris": 1043901,
            "uri": "tier_0/uijufcgiw.fbx"
        },
        {
            "contentLength": 272832,
            "mimeType": "application/x-fbx",
            "tier": 1,
            "tris": 4905,
            "uri": "tier_1/uijufcgiw.fbx"
        },
        {
            "contentLength": 84784,
            "mimeType": "application/x-fbx",
            "tier": 2,
            "tris": 2131,
            "uri": "tier_2/uijufcgiw.fbx"
        },
        {
            "contentLength": 43744,
            "mimeType": "application/x-fbx",
            "tier": 3,
            "tris": 133,
            "uri": "tier_3/uijufcgiw.fbx"
        }
    ],
    "name": "Wooden Picture Frame",
    "pack": null,
    "physicalSize": "1x1",
    "points": 4,
    "previews": {
        "images": [
            {
                "contentLength": 797263,
                "resolution": "1920x1080",
                "tags": [],
                "uri": "uijufcgiw_preview.png"
            }
        ],
        "relativeSize": "1x1"
    },
    "process_date": "2024-04-04 04:48:08",
    "properties": [
        {
            "key": "size",
            "value": "small"
        },
        {
            "key": "mesh type",
            "value": "Closed"
        }
    ],
    "referencePreviews": {
        "maps": [],
        "models": [
            {
                "contentLength": 282464,
                "mimeType": "application/x-fbx",
                "tris": 4905,
                "uri": "uijufcgiw_layout.fbx"
            }
        ]
    },
    "references": [],
    "revised": false,
    "revision": 0,
    "semanticTags": {
        "3d_mesh": "Closed",
        "architectural_style": {},
        "asset_type": "3D asset",
        "color": [
            "Brown"
        ],
        "contains": [
            "Wood",
            "Frame",
            "Picture Frame"
        ],
        "country": "Sweden",
        "descriptive": [
            "Rough",
            "Worn",
            "Smooth",
            "Wooden",
            "Decorative",
            " Scratched "
        ],
        "environment": [
            "rural"
        ],
        "industry": [
            "archviz",
            "games",
            "VFX"
        ],
        "interior_exterior": [
            "interior"
        ],
        "locations": {
            "Europe": {
                "Sweden": {}
            }
        },
        "maxSize": 0.2,
        "minSize": 0.01,
        "name": "Wooden Picture Frame",
        "orientation": [
            "wall"
        ],
        "region": "Europe",
        "resolution": 4096,
        "state": [
            "old"
        ],
        "subject_matter": "manmade",
        "theme": [
            "Decorations",
            "Interiors",
            "Drawing Room",
            "Rural",
            "Village",
            "House",
            "Indoors",
            "Homes",
            "Walls"
        ]
    },
    "tags": [
        "brown",
        "decorative",
        "interior",
        "drawing room",
        "wood",
        "rough",
        "new",
        "smooth"
    ],
    "texelDensity": 1086,
    "texture_type": "basic",
    "ue_plugin_archives": [
        {
            "contentLength": 55983623,
            "gltfVersion": "2.0",
            "tier": 0,
            "type": "gltf",
            "uri": "ue_plugin_archives/tier_0/uijufcgiw_tier_0.zip",
            "version": 1
        },
        {
            "contentLength": 33734993,
            "gltfVersion": "2.0",
            "tier": 1,
            "type": "gltf",
            "uri": "ue_plugin_archives/tier_1/uijufcgiw_tier_1.zip",
            "version": 1
        },
        {
            "contentLength": 9652359,
            "gltfVersion": "2.0",
            "tier": 2,
            "type": "gltf",
            "uri": "ue_plugin_archives/tier_2/uijufcgiw_tier_2.zip",
            "version": 1
        },
        {
            "contentLength": 767545,
            "gltfVersion": "2.0",
            "tier": 3,
            "type": "gltf",
            "uri": "ue_plugin_archives/tier_3/uijufcgiw_tier_3.zip",
            "version": 1
        }
    ],
    "version": 2
}